date,close
2013-04-29,144.5399933 
2013-04-30,139 
2013-05-01,116.9899979 
2013-05-02,105.2099991 
2013-05-03,97.75 
2013-05-04,112.5 
2013-05-05,115.9100037 
2013-05-06,112.3000031 
2013-05-07,111.5 
2013-05-08,113.5660019 
2013-05-09,112.6699982 
2013-05-10,117.1999969 
2013-05-11,115.2429962 
2013-05-12,115 
2013-05-13,117.9800034 
2013-05-14,111.5 
2013-05-15,114.2200012 
2013-05-16,118.7600021 
2013-05-17,123.0149994 
2013-05-18,123.4980011 
2013-05-19,121.9899979 
2013-05-20,122 
2013-05-21,122.8799973 
2013-05-22,123.8889999 
2013-05-23,126.6999969 
2013-05-24,133.1999969 
2013-05-25,131.9799957 
2013-05-26,133.4799957 
2013-05-27,129.7449951 
2013-05-28,129 
2013-05-29,132.3000031 
2013-05-30,128.798996 
2013-05-31,129 
2013-06-01,129.3000031 
2013-06-02,122.2919998 
2013-06-03,122.2220001 
2013-06-04,121.4199982 
2013-06-05,121.6500015 
2013-06-06,118 
2013-06-07,111.5 
2013-06-08,108.3000031 
2013-06-09,100 
2013-06-10,106.3499985 
2013-06-11,108.9000015 
2013-06-12,108.1500015 
2013-06-13,104 
2013-06-14,99.97889709 
2013-06-15,99.98809814 
2013-06-16,99.51000214 
2013-06-17,101.6999969 
2013-06-18,107.4000015 
2013-06-19,108.25 
2013-06-20,110.1500015 
2013-06-21,109.5 
2013-06-22,108.3000031 
2013-06-23,107.5999985 
2013-06-24,102.7369995 
2013-06-25,103.9499969 
2013-06-26,104 
2013-06-27,101.4369965 
2013-06-28,94.64920044 
2013-06-29,94.9940033 
2013-06-30,96.61399841 
2013-07-01,88.05000305 
2013-07-02,90.13400269 
2013-07-03,77.52999878 
2013-07-04,80.52580261 
2013-07-05,68.43099976 
2013-07-06,70.27729797 
2013-07-07,74.56109619 
2013-07-08,76.51599884 
2013-07-09,76.69400024 
2013-07-10,86.76000214 
2013-07-11,88.98000336 
2013-07-12,93.59490204 
2013-07-13,98.1339035 
2013-07-14,94.69129944 
2013-07-15,98.40019989 
2013-07-16,97.45079803 
2013-07-17,98.5 
2013-07-18,90.58000183 
2013-07-19,92.16999817 
2013-07-20,89.39009857 
2013-07-21,90.75730133 
2013-07-22,91.61000061 
2013-07-23,95.5585022 
2013-07-24,94.51000214 
2013-07-25,96.90000153 
2013-07-26,96.02020264 
2013-07-27,94.11599731 
2013-07-28,99.7559967 
2013-07-29,101.1999969 
2013-07-30,107.9899979 
2013-07-31,106.0899963 
2013-08-01,104 
2013-08-02,104.5009995 
2013-08-03,104.0049973 
2013-08-04,105.1439972 
2013-08-05,106.2200012 
2013-08-06,106.75 
2013-08-07,106.75 
2013-08-08,103 
2013-08-09,102.8000031 
2013-08-10,103 
2013-08-11,105 
2013-08-12,106.6360016 
2013-08-13,109 
2013-08-14,112.5619965 
2013-08-15,109.9899979 
2013-08-16,108.9940033 
2013-08-17,113.5 
2013-08-18,113.5 
2013-08-19,119 
2013-08-20,121.2050018 
2013-08-21,123.3000031 
2013-08-22,121.1500015 
2013-08-23,118.5009995 
2013-08-24,120.0449982 
2013-08-25,122.1110001 
2013-08-26,120.0559998 
2013-08-27,126.5 
2013-08-28,122.6200027 
2013-08-29,122.3899994 
2013-08-30,133.4900055 
2013-08-31,135.3500061 
2013-09-01,138.3399963 
2013-09-02,135.8500061 
2013-09-03,136.7700043 
2013-09-04,126.7399979 
2013-09-05,126.4300003 
2013-09-06,119.1500015 
2013-09-07,124.1500015 
2013-09-08,121.6600037 
2013-09-09,127.1100006 
2013-09-10,125.9100037 
2013-09-11,135.25 
2013-09-12,133.1300049 
2013-09-13,134.9799957 
2013-09-14,129.2200012 
2013-09-15,130.3699951 
2013-09-16,131.7200012 
2013-09-17,131.6600037 
2013-09-18,131.4700012 
2013-09-19,129.6499939 
2013-09-20,127.0400009 
2013-09-21,127.4300003 
2013-09-22,129.1199951 
2013-09-23,125.9499969 
2013-09-24,127.25 
2013-09-25,128.2200012 
2013-09-26,128.3800049 
2013-09-27,133.7799988 
2013-09-28,134.7799988 
2013-09-29,137.3399963 
2013-09-30,133 
2013-10-01,132.1799927 
2013-10-02,114.1299973 
2013-10-03,123.6299973 
2013-10-04,129.0099945 
2013-10-05,128.5500031 
2013-10-06,129 
2013-10-07,126.9400024 
2013-10-08,126 
2013-10-09,130.6900024 
2013-10-10,130.5899963 
2013-10-11,130.8999939 
2013-10-12,135.1900024 
2013-10-13,138.1300049 
2013-10-14,140.5200043 
2013-10-15,145.2400055 
2013-10-16,142.5500031 
2013-10-17,146.25 
2013-10-18,155.9600067 
2013-10-19,172.4199982 
2013-10-20,174.6100006 
2013-10-21,182.2100067 
2013-10-22,193.7599945 
2013-10-23,213.6199951 
2013-10-24,198.2299957 
2013-10-25,186.6900024 
2013-10-26,177.3200073 
2013-10-27,196.4400024 
2013-10-28,198.5500031 
2013-10-29,204.3899994 
2013-10-30,199.9700012 
2013-10-31,204 
2013-11-01,206.1799927 
2013-11-02,206.2200012 
2013-11-03,215.0500031 
2013-11-04,229.1000061 
2013-11-05,245.2400055 
2013-11-06,262.5 
2013-11-07,296.4100037 
2013-11-08,338.1099854 
2013-11-09,339.1099854 
2013-11-10,326.6199951 
2013-11-11,342.4400024 
2013-11-12,360.3299866 
2013-11-13,407.3699951 
2013-11-14,420.2000122 
2013-11-15,417.9500122 
2013-11-16,440.2200012 
2013-11-17,492.1099854 
2013-11-18,703.5599976 
2013-11-19,584.6099854 
2013-11-20,590.8300171 
2013-11-21,722.4299927 
2013-11-22,771.4400024 
2013-11-23,797.8200073 
2013-11-24,774.25 
2013-11-25,799.1099854 
2013-11-26,928.0999756 
2013-11-27,1001.960022 
2013-11-28,1031.949951 
2013-11-29,1131.969971 
2013-11-30,1129.430054 
2013-12-01,955.8499756 
2013-12-02,1043.329956 
2013-12-03,1078.280029 
2013-12-04,1151.170044 
2013-12-05,1045.109985 
2013-12-06,829.4500122 
2013-12-07,698.2299805 
2013-12-08,795.8699951 
2013-12-09,893.1900024 
2013-12-10,988.5100098 
2013-12-11,878.4799805 
2013-12-12,873.2600098 
2013-12-13,892.5800171 
2013-12-14,872.5999756 
2013-12-15,876.1199951 
2013-12-16,705.9699707 
2013-12-17,682.1199951 
2013-12-18,522.7000122 
2013-12-19,691.960022 
2013-12-20,625.3200073 
2013-12-21,605.6599731 
2013-12-22,617.1799927 
2013-12-23,673.4099731 
2013-12-24,665.5800171 
2013-12-25,682.210022 
2013-12-26,761.9799805 
2013-12-27,735.0700073 
2013-12-28,727.8300171 
2013-12-29,745.0499878 
2013-12-30,756.1300049 
2013-12-31,754.0100098 
2014-01-01,771.4000244 
2014-01-02,802.3900146 
2014-01-03,818.7199707 
2014-01-04,859.5100098 
2014-01-05,933.5300293 
2014-01-06,953.289978 
2014-01-07,802 
2014-01-08,842.7199707 
2014-01-09,846.8599854 
2014-01-10,868.4799805 
2014-01-11,913.9500122 
2014-01-12,863.2199707 
2014-01-13,841.2000122 
2014-01-14,833.2700195 
2014-01-15,860.9000244 
2014-01-16,835.6300049 
2014-01-17,814.6400146 
2014-01-18,840 
2014-01-19,870.960022 
2014-01-20,870.2000122 
2014-01-21,863.9099731 
2014-01-22,845.5900269 
2014-01-23,822.039978 
2014-01-24,797.0700073 
2014-01-25,853.6099854 
2014-01-26,885.2800293 
2014-01-27,771.3900146 
2014-01-28,812.5100098 
2014-01-29,826 
2014-01-30,819.0300293 
2014-01-31,829.9199829 
2014-02-01,832.5800171 
2014-02-02,825.3699951 
2014-02-03,823.8300171 
2014-02-04,827.960022 
2014-02-05,811.9099731 
2014-02-06,781.5499878 
2014-02-07,712.4000244 
2014-02-08,673.9199829 
2014-02-09,682.9000244 
2014-02-10,681.0300293 
2014-02-11,672.1699829 
2014-02-12,651.7199707 
2014-02-13,605.2399902 
2014-02-14,661.9899902 
2014-02-15,650.9199829 
2014-02-16,616.6300049 
2014-02-17,626.2700195 
2014-02-18,626.5999756 
2014-02-19,623.0300293 
2014-02-20,556.1400146 
2014-02-21,574.1599731 
2014-02-22,605.4199829 
2014-02-23,605.8200073 
2014-02-24,546.3200073 
2014-02-25,538.710022 
2014-02-26,582.6900024 
2014-02-27,578.7700195 
2014-02-28,549.2600098 
2014-03-01,565.6099854 
2014-03-02,559.789978 
2014-03-03,667.7600098 
2014-03-04,666.7800293 
2014-03-05,665.5100098 
2014-03-06,663.8599854 
2014-03-07,629.1500244 
2014-03-08,617.4500122 
2014-03-09,636.960022 
2014-03-10,627.789978 
2014-03-11,634.1099854 
2014-03-12,632.0999756 
2014-03-13,638.1400146 
2014-03-14,628.7999878 
2014-03-15,636.1199951 
2014-03-16,631.1099854 
2014-03-17,622.3729858 
2014-03-18,614.8319702 
2014-03-19,609.8880005 
2014-03-20,588.7700195 
2014-03-21,571.4899902 
2014-03-22,565.039978 
2014-03-23,561.2719727 
2014-03-24,583.4119873 
2014-03-25,583.9169922 
2014-03-26,580.8270264 
2014-03-27,471.2390137 
2014-03-28,495.6659851 
2014-03-29,491.1719971 
2014-03-30,460.2730103 
2014-03-31,457.0010071 
2014-04-01,478.375 
2014-04-02,437.1400146 
2014-04-03,444.7179871 
2014-04-04,447.526001 
2014-04-05,461.9070129 
2014-04-06,460.4989929 
2014-04-07,449.4230042 
2014-04-08,453.0859985 
2014-04-09,442.7250061 
2014-04-10,365.1759949 
2014-04-11,420.946991 
2014-04-12,421.1159973 
2014-04-13,414.0629883 
2014-04-14,458.7869873 
2014-04-15,515.5859985 
2014-04-16,527.3950195 
2014-04-17,495.9630127 
2014-04-18,479.644989 
2014-04-19,501.5650024 
2014-04-20,498.1679993 
2014-04-21,495.7730103 
2014-04-22,487.9240112 
2014-04-23,491.303009 
2014-04-24,500.4649963 
2014-04-25,461.4490051 
2014-04-26,458.6010132 
2014-04-27,436.3900146 
2014-04-28,440.2850037 
2014-04-29,447.2090149 
2014-04-30,447.644989 
2014-05-01,457.7600098 
2014-05-02,449.3770142 
2014-05-03,437.7619934 
2014-05-04,436.4030151 
2014-05-05,433.4819946 
2014-05-06,428.9620056 
2014-05-07,438.8210144 
2014-05-08,440.1690063 
2014-05-09,449.4609985 
2014-05-10,454.4330139 
2014-05-11,438.8859863 
2014-05-12,441.4620056 
2014-05-13,440.67099 
2014-05-14,443.9719849 
2014-05-15,447.2520142 
2014-05-16,448.0580139 
2014-05-17,448.9030151 
2014-05-18,446.2640076 
2014-05-19,446.1809998 
2014-05-20,485.723999 
2014-05-21,491.769989 
2014-05-22,524.5789795 
2014-05-23,520.2219849 
2014-05-24,525.1380005 
2014-05-25,571.5880127 
2014-05-26,583.4240112 
2014-05-27,571.2440186 
2014-05-28,577.0620117 
2014-05-29,568.1799927 
2014-05-30,615.3250122 
2014-05-31,623.677002 
2014-06-01,630.2290039 
2014-06-02,660.617981 
2014-06-03,667.6049805 
2014-06-04,641.6140137 
2014-06-05,659.2579956 
2014-06-06,653.7020264 
2014-06-07,654.9689941 
2014-06-08,656.1400146 
2014-06-09,649.1589966 
2014-06-10,653.1500244 
2014-06-11,633.0200195 
2014-06-12,586.9520264 
2014-06-13,600.1630249 
2014-06-14,577.3579712 
2014-06-15,592.9370117 
2014-06-16,592.1879883 
2014-06-17,610.8640137 
2014-06-18,607.9580078 
2014-06-19,598.0709839 
2014-06-20,594.1459961 
2014-06-21,594.9920044 
2014-06-22,602.2730103 
2014-06-23,593.9840088 
2014-06-24,582.3569946 
2014-06-25,566.3359985 
2014-06-26,581.1370239 
2014-06-27,597.2609863 
2014-06-28,596.5490112 
2014-06-29,602.7150269 
2014-06-30,639.7969971 
2014-07-01,640.8060303 
2014-07-02,650.8790283 
2014-07-03,645.1560059 
2014-07-04,630.6920166 
2014-07-05,631.4569702 
2014-07-06,635.8070068 
2014-07-07,624.0859985 
2014-07-08,624.8179932 
2014-07-09,624.5089722 
2014-07-10,616.7620239 
2014-07-11,632.0029907 
2014-07-12,633.7130127 
2014-07-13,626.4970093 
2014-07-14,619.3150024 
2014-07-15,621.5859985 
2014-07-16,616.7999878 
2014-07-17,623.0889893 
2014-07-18,628.7789917 
2014-07-19,628.5150146 
2014-07-20,623.9000244 
2014-07-21,622.2109985 
2014-07-22,621.5510254 
2014-07-23,619.414978 
2014-07-24,601.7329712 
2014-07-25,601.0889893 
2014-07-26,595.8129883 
2014-07-27,593.8519897 
2014-07-28,585.690979 
2014-07-29,584.7249756 
2014-07-30,567.2930298 
2014-07-31,586.2349854 
2014-08-01,594.9160156 
2014-08-02,589.3330078 
2014-08-03,586.6660156 
2014-08-04,588.7819824 
2014-08-05,585.4359741 
2014-08-06,584.6530151 
2014-08-07,588.8690186 
2014-08-08,592.5770264 
2014-08-09,589.3720093 
2014-08-10,591.0609741 
2014-08-11,576.367981 
2014-08-12,569.6420288 
2014-08-13,546.65802 
2014-08-14,505.973999 
2014-08-15,497.0100098 
2014-08-16,519.7080078 
2014-08-17,491.7950134 
2014-08-18,461.4599915 
2014-08-19,485.2449951 
2014-08-20,511.980011 
2014-08-21,517.2369995 
2014-08-22,514.0430298 
2014-08-23,498.0750122 
2014-08-24,508.2860107 
2014-08-25,502.4960022 
2014-08-26,511.5700073 
2014-08-27,511.1530151 
2014-08-28,507.8150024 
2014-08-29,508.5169983 
2014-08-30,504.2489929 
2014-08-31,477.7630005 
2014-09-01,474.8789978 
2014-09-02,477.4259949 
2014-09-03,477.5859985 
2014-09-04,489.6600037 
2014-09-05,483.3420105 
2014-09-06,484.8299866 
2014-09-07,482.2780151 
2014-09-08,474.6000061 
2014-09-09,475.2600098 
2014-09-10,479.3590088 
2014-09-11,479.7489929 
2014-09-12,477.7529907 
2014-09-13,479.0020142 
2014-09-14,477.8919983 
2014-09-15,475.3710022 
2014-09-16,466.0570068 
2014-09-17,457.3340149 
2014-09-18,424.4400024 
2014-09-19,394.79599 
2014-09-20,408.9039917 
2014-09-21,398.8210144 
2014-09-22,402.1520081 
2014-09-23,435.7909851 
2014-09-24,423.2049866 
2014-09-25,411.5740051 
2014-09-26,404.4249878 
2014-09-27,399.519989 
2014-09-28,377.1809998 
2014-09-29,375.4670105 
2014-09-30,386.9440002 
2014-10-01,383.6149902 
2014-10-02,375.071991 
2014-10-03,359.5119934 
2014-10-04,328.8659973 
2014-10-05,320.5100098 
2014-10-06,330.07901 
2014-10-07,336.1870117 
2014-10-08,352.9400024 
2014-10-09,365.026001 
2014-10-10,361.5620117 
2014-10-11,362.2990112 
2014-10-12,378.5490112 
2014-10-13,390.4140015 
2014-10-14,400.8699951 
2014-10-15,394.7730103 
2014-10-16,382.5559998 
2014-10-17,383.7579956 
2014-10-18,391.4419861 
2014-10-19,389.54599 
2014-10-20,382.8450012 
2014-10-21,386.4750061 
2014-10-22,383.1579895 
2014-10-23,358.4169922 
2014-10-24,358.3450012 
2014-10-25,347.2709961 
2014-10-26,354.70401 
2014-10-27,352.9890137 
2014-10-28,357.6180115 
2014-10-29,335.5910034 
2014-10-30,345.3049927 
2014-10-31,338.3210144 
2014-11-01,325.7489929 
2014-11-02,325.8919983 
2014-11-03,327.5539856 
2014-11-04,330.4920044 
2014-11-05,339.4859924 
2014-11-06,349.2900085 
2014-11-07,342.4150085 
2014-11-08,345.4880066 
2014-11-09,363.2640076 
2014-11-10,366.9240112 
2014-11-11,367.6950073 
2014-11-12,423.5610046 
2014-11-13,420.7349854 
2014-11-14,397.8179932 
2014-11-15,376.1329956 
2014-11-16,387.8819885 
2014-11-17,387.4079895 
2014-11-18,375.197998 
2014-11-19,380.5549927 
2014-11-20,357.8399963 
2014-11-21,350.8479919 
2014-11-22,352.9200134 
2014-11-23,367.572998 
2014-11-24,376.901001 
2014-11-25,375.3479919 
2014-11-26,368.3699951 
2014-11-27,369.6700134 
2014-11-28,376.446991 
2014-11-29,375.4909973 
2014-11-30,378.0469971 
2014-12-01,379.2449951 
2014-12-02,381.3150024 
2014-12-03,375.0100098 
2014-12-04,369.6040039 
2014-12-05,376.8540039 
2014-12-06,374.7850037 
2014-12-07,375.0950012 
2014-12-08,361.9089966 
2014-12-09,352.2189941 
2014-12-10,346.3649902 
2014-12-11,350.506012 
2014-12-12,352.5419922 
2014-12-13,347.3760071 
2014-12-14,351.6319885 
2014-12-15,345.3450012 
2014-12-16,327.0620117 
2014-12-17,319.776001 
2014-12-18,311.3959961 
2014-12-19,317.8429871 
2014-12-20,329.9559937 
2014-12-21,320.8429871 
2014-12-22,331.8859863 
2014-12-23,334.571991 
2014-12-24,322.5339966 
2014-12-25,319.0079956 
2014-12-26,327.9240112 
2014-12-27,315.8630066 
2014-12-28,317.2390137 
2014-12-29,312.6700134 
2014-12-30,310.7369995 
2014-12-31,320.1929932 
2015-01-01,314.2489929 
2015-01-02,315.0320129 
2015-01-03,281.0820007 
2015-01-04,264.1950073 
2015-01-05,274.473999 
2015-01-06,286.1889954 
2015-01-07,294.3370056 
2015-01-08,283.348999 
2015-01-09,290.4079895 
2015-01-10,274.79599 
2015-01-11,265.6600037 
2015-01-12,267.79599 
2015-01-13,225.8609924 
2015-01-14,178.1029968 
2015-01-15,209.8439941 
2015-01-16,208.0970001 
2015-01-17,199.2599945 
2015-01-18,210.3390045 
2015-01-19,214.8609924 
2015-01-20,211.3150024 
2015-01-21,226.8970032 
2015-01-22,233.4060059 
2015-01-23,232.8789978 
2015-01-24,247.8470001 
2015-01-25,253.7180023 
2015-01-26,273.4729919 
2015-01-27,263.4750061 
2015-01-28,233.9149933 
2015-01-29,233.5130005 
2015-01-30,226.4250031 
2015-01-31,217.4640045 
2015-02-01,226.9720001 
2015-02-02,238.2290039 
2015-02-03,227.2680054 
2015-02-04,226.8529968 
2015-02-05,217.1109924 
2015-02-06,222.2660065 
2015-02-07,227.7539978 
2015-02-08,223.4120026 
2015-02-09,220.1100006 
2015-02-10,219.8390045 
2015-02-11,219.1849976 
2015-02-12,221.7640076 
2015-02-13,235.427002 
2015-02-14,257.3210144 
2015-02-15,234.8249969 
2015-02-16,233.8430023 
2015-02-17,243.6100006 
2015-02-18,236.326004 
2015-02-19,240.2830048 
2015-02-20,243.779007 
2015-02-21,244.5339966 
2015-02-22,235.977005 
2015-02-23,238.8919983 
2015-02-24,238.7350006 
2015-02-25,237.4700012 
2015-02-26,236.4259949 
2015-02-27,253.8280029 
2015-02-28,254.2630005 
2015-03-01,260.2019958 
2015-03-02,275.6700134 
2015-03-03,281.7019958 
2015-03-04,273.0920105 
2015-03-05,276.178009 
2015-03-06,272.7229919 
2015-03-07,276.2609863 
2015-03-08,274.3540039 
2015-03-09,289.6069946 
2015-03-10,291.7600098 
2015-03-11,296.3789978 
2015-03-12,294.3540039 
2015-03-13,285.3370056 
2015-03-14,281.8850098 
2015-03-15,286.3930054 
2015-03-16,290.5929871 
2015-03-17,285.5050049 
2015-03-18,256.2990112 
2015-03-19,260.928009 
2015-03-20,261.7489929 
2015-03-21,260.0249939 
2015-03-22,267.9599915 
2015-03-23,266.7399902 
2015-03-24,245.5950012 
2015-03-25,246.1970062 
2015-03-26,248.5319977 
2015-03-27,247.029007 
2015-03-28,252.7980042 
2015-03-29,242.7129974 
2015-03-30,247.526001 
2015-03-31,244.223999 
2015-04-01,247.2720032 
2015-04-02,253.0050049 
2015-04-03,254.3220062 
2015-04-04,253.6970062 
2015-04-05,260.5979919 
2015-04-06,255.4920044 
2015-04-07,253.1799927 
2015-04-08,245.0220032 
2015-04-09,243.6759949 
2015-04-10,236.0720062 
2015-04-11,236.552002 
2015-04-12,236.1529999 
2015-04-13,224.5870056 
2015-04-14,219.1589966 
2015-04-15,223.8329926 
2015-04-16,228.572998 
2015-04-17,222.8820038 
2015-04-18,223.3560028 
2015-04-19,222.6000061 
2015-04-20,224.6260071 
2015-04-21,235.2689972 
2015-04-22,234.1759949 
2015-04-23,236.4620056 
2015-04-24,231.2680054 
2015-04-25,226.3899994 
2015-04-26,219.4299927 
2015-04-27,229.2859955 
2015-04-28,225.8549957 
2015-04-29,225.8079987 
2015-04-30,236.1450043 
2015-05-01,232.0789948 
2015-05-02,234.9299927 
2015-05-03,240.3580017 
2015-05-04,239.0180054 
2015-05-05,236.1210022 
2015-05-06,229.7819977 
2015-05-07,237.3339996 
2015-05-08,243.8630066 
2015-05-09,241.8320007 
2015-05-10,240.2960052 
2015-05-11,242.1580048 
2015-05-12,241.1119995 
2015-05-13,236.3769989 
2015-05-14,236.9290009 
2015-05-15,237.6049957 
2015-05-16,236.1529999 
2015-05-17,236.802002 
2015-05-18,233.128006 
2015-05-19,231.9470062 
2015-05-20,234.0180054 
2015-05-21,235.3439941 
2015-05-22,240.3480072 
2015-05-23,238.871994 
2015-05-24,240.9530029 
2015-05-25,237.1100006 
2015-05-26,237.1159973 
2015-05-27,237.2830048 
2015-05-28,237.4080048 
2015-05-29,237.095993 
2015-05-30,233.3450012 
2015-05-31,230.1900024 
2015-06-01,222.9259949 
2015-06-02,225.8029938 
2015-06-03,225.8739929 
2015-06-04,224.3240051 
2015-06-05,224.9519958 
2015-06-06,225.6190033 
2015-06-07,222.8809967 
2015-06-08,228.4889984 
2015-06-09,229.0480042 
2015-06-10,228.8029938 
2015-06-11,229.7050018 
2015-06-12,229.9819946 
2015-06-13,232.4019928 
2015-06-14,233.5429993 
2015-06-15,236.822998 
2015-06-16,250.8950043 
2015-06-17,249.2839966 
2015-06-18,249.0070038 
2015-06-19,244.6060028 
2015-06-20,245.2120056 
2015-06-21,243.9440002 
2015-06-22,246.9900055 
2015-06-23,244.2960052 
2015-06-24,240.5149994 
2015-06-25,242.798996 
2015-06-26,243.5939941 
2015-06-27,250.9900055 
2015-06-28,249.0110016 
2015-06-29,257.0639954 
2015-06-30,263.071991 
2015-07-01,258.6210022 
2015-07-02,255.4120026 
2015-07-03,256.3359985 
2015-07-04,260.8859863 
2015-07-05,271.9129944 
2015-07-06,269.0299988 
2015-07-07,266.2070007 
2015-07-08,270.7850037 
2015-07-09,269.2279968 
2015-07-10,284.8940125 
2015-07-11,293.1149902 
2015-07-12,310.8670044 
2015-07-13,292.0539856 
2015-07-14,287.4639893 
2015-07-15,285.82901 
2015-07-16,278.0889893 
2015-07-17,279.4719849 
2015-07-18,274.901001 
2015-07-19,273.6140137 
2015-07-20,278.9809875 
2015-07-21,275.8330078 
2015-07-22,277.2219849 
2015-07-23,276.0490112 
2015-07-24,288.2780151 
2015-07-25,288.696991 
2015-07-26,292.6860046 
2015-07-27,293.6239929 
2015-07-28,294.427002 
2015-07-29,289.5899963 
2015-07-30,287.7219849 
2015-07-31,284.6499939 
2015-08-01,281.6010132 
2015-08-02,282.6140137 
2015-08-03,281.2269897 
2015-08-04,285.2179871 
2015-08-05,281.8819885 
2015-08-06,278.5769958 
2015-08-07,279.5849915 
2015-08-08,260.9970093 
2015-08-09,265.0830078 
2015-08-10,264.4700012 
2015-08-11,270.3859863 
2015-08-12,266.3760071 
2015-08-13,264.0799866 
2015-08-14,265.6799927 
2015-08-15,261.5509949 
2015-08-16,258.5069885 
2015-08-17,257.9760132 
2015-08-18,211.0789948 
2015-08-19,226.6840057 
2015-08-20,235.3500061 
2015-08-21,232.5690002 
2015-08-22,230.3899994 
2015-08-23,228.1690063 
2015-08-24,210.4949951 
2015-08-25,221.6089935 
2015-08-26,225.8309937 
2015-08-27,224.7689972 
2015-08-28,231.3959961 
2015-08-29,229.7799988 
2015-08-30,228.7610016 
2015-08-31,230.0559998 
2015-09-01,228.1210022 
2015-09-02,229.2839966 
2015-09-03,227.1829987 
2015-09-04,230.2980042 
2015-09-05,235.0189972 
2015-09-06,239.8399963 
2015-09-07,239.8470001 
2015-09-08,243.6069946 
2015-09-09,238.1679993 
2015-09-10,238.477005 
2015-09-11,240.1069946 
2015-09-12,235.2290039 
2015-09-13,230.5119934 
2015-09-14,230.6439972 
2015-09-15,230.3040009 
2015-09-16,229.0910034 
2015-09-17,229.8099976 
2015-09-18,232.9750061 
2015-09-19,231.4929962 
2015-09-20,231.2120056 
2015-09-21,227.0850067 
2015-09-22,230.6179962 
2015-09-23,230.2830048 
2015-09-24,234.529007 
2015-09-25,235.1439972 
2015-09-26,234.3399963 
2015-09-27,232.7570038 
2015-09-28,239.1419983 
2015-09-29,236.6869965 
2015-09-30,236.0599976 
2015-10-01,237.548996 
2015-10-02,237.2929993 
2015-10-03,238.7299957 
2015-10-04,238.2590027 
2015-10-05,240.3829956 
2015-10-06,246.0630035 
2015-10-07,242.9689941 
2015-10-08,242.3040009 
2015-10-09,243.9309998 
2015-10-10,244.9409943 
2015-10-11,247.0500031 
2015-10-12,245.3079987 
2015-10-13,249.5079956 
2015-10-14,251.9889984 
2015-10-15,254.3200073 
2015-10-16,262.868988 
2015-10-17,270.6400146 
2015-10-18,261.6430054 
2015-10-19,263.4370117 
2015-10-20,269.4630127 
2015-10-21,266.2720032 
2015-10-22,274.0230103 
2015-10-23,276.4960022 
2015-10-24,281.6539917 
2015-10-25,283.6799927 
2015-10-26,285.2999878 
2015-10-27,293.7879944 
2015-10-28,304.6180115 
2015-10-29,313.855011 
2015-10-30,328.0150146 
2015-10-31,314.1659851 
2015-11-01,325.4309998 
2015-11-02,361.1889954 
2015-11-03,403.4169922 
2015-11-04,411.5629883 
2015-11-05,386.3540039 
2015-11-06,374.4700012 
2015-11-07,386.4819946 
2015-11-08,373.3680115 
2015-11-09,380.2569885 
2015-11-10,336.8190002 
2015-11-11,311.0840149 
2015-11-12,338.1520081 
2015-11-13,336.7529907 
2015-11-14,332.9060059 
2015-11-15,320.1659851 
2015-11-16,330.7510071 
2015-11-17,335.0939941 
2015-11-18,334.5899963 
2015-11-19,326.1489868 
2015-11-20,322.0220032 
2015-11-21,326.927002 
2015-11-22,324.5360107 
2015-11-23,323.04599 
2015-11-24,320.04599 
2015-11-25,328.2059937 
2015-11-26,352.6839905 
2015-11-27,358.0419922 
2015-11-28,357.381012 
2015-11-29,371.2940063 
2015-11-30,377.3210144 
2015-12-01,362.4880066 
2015-12-02,359.1870117 
2015-12-03,361.04599 
2015-12-04,363.1830139 
2015-12-05,388.9490051 
2015-12-06,388.7829895 
2015-12-07,395.5360107 
2015-12-08,415.5629883 
2015-12-09,417.5629883 
2015-12-10,415.4790039 
2015-12-11,451.9379883 
2015-12-12,434.9970093 
2015-12-13,433.7550049 
2015-12-14,444.1820068 
2015-12-15,465.3210144 
2015-12-16,454.9339905 
2015-12-17,456.0780029 
2015-12-18,463.6159973 
2015-12-19,462.321991 
2015-12-20,442.6849976 
2015-12-21,438.6390076 
2015-12-22,436.571991 
2015-12-23,442.401001 
2015-12-24,454.9849854 
2015-12-25,455.6530151 
2015-12-26,417.2739868 
2015-12-27,422.822998 
2015-12-28,422.2789917 
2015-12-29,432.9830017 
2015-12-30,426.6199951 
2015-12-31,430.5669861 
2016-01-01,434.3340149 
2016-01-02,433.4379883 
2016-01-03,430.0109863 
2016-01-04,433.0910034 
2016-01-05,431.9599915 
2016-01-06,429.105011 
2016-01-07,458.0480042 
2016-01-08,453.230011 
2016-01-09,447.6109924 
2016-01-10,447.9909973 
2016-01-11,448.428009 
2016-01-12,435.6900024 
2016-01-13,432.3710022 
2016-01-14,430.3059998 
2016-01-15,364.3309937 
2016-01-16,387.5360107 
2016-01-17,382.2990112 
2016-01-18,387.1679993 
2016-01-19,380.1489868 
2016-01-20,420.230011 
2016-01-21,410.2619934 
2016-01-22,382.4920044 
2016-01-23,387.4909973 
2016-01-24,402.9710083 
2016-01-25,391.7260132 
2016-01-26,392.1530151 
2016-01-27,394.9719849 
2016-01-28,380.2890015 
2016-01-29,379.473999 
2016-01-30,378.2550049 
2016-01-31,368.7669983 
2016-02-01,373.0559998 
2016-02-02,374.447998 
2016-02-03,369.9490051 
2016-02-04,389.5939941 
2016-02-05,386.5490112 
2016-02-06,376.5220032 
2016-02-07,376.6199951 
2016-02-08,373.446991 
2016-02-09,376.0289917 
2016-02-10,381.6489868 
2016-02-11,379.6539917 
2016-02-12,384.2630005 
2016-02-13,391.8599854 
2016-02-14,407.230011 
2016-02-15,400.1849976 
2016-02-16,407.4880066 
2016-02-17,416.321991 
2016-02-18,422.3729858 
2016-02-19,420.7850037 
2016-02-20,437.1640015 
2016-02-21,438.7980042 
2016-02-22,437.7479858 
2016-02-23,420.7359924 
2016-02-24,424.9549866 
2016-02-25,424.5440063 
2016-02-26,432.1520081 
2016-02-27,432.5190125 
2016-02-28,433.5039978 
2016-02-29,437.696991 
2016-03-01,435.1229858 
2016-03-02,423.9890137 
2016-03-03,421.651001 
2016-03-04,410.9389954 
2016-03-05,400.5700073 
2016-03-06,407.7070007 
2016-03-07,414.3210144 
2016-03-08,413.9719849 
2016-03-09,414.8599854 
2016-03-10,417.131012 
2016-03-11,421.6900024 
2016-03-12,411.6239929 
2016-03-13,414.0650024 
2016-03-14,416.4379883 
2016-03-15,416.8299866 
2016-03-16,417.0109863 
2016-03-17,420.6210022 
2016-03-18,409.5480042 
2016-03-19,410.4440002 
2016-03-20,413.7550049 
2016-03-21,413.3070068 
2016-03-22,418.0889893 
2016-03-23,418.0409851 
2016-03-24,416.3940125 
2016-03-25,417.177002 
2016-03-26,417.9450073 
2016-03-27,426.7650146 
2016-03-28,424.2309875 
2016-03-29,416.5159912 
2016-03-30,414.8160095 
2016-03-31,416.7290039 
2016-04-01,417.9599915 
2016-04-02,420.8729858 
2016-04-03,420.9039917 
2016-04-04,421.4440002 
2016-04-05,424.0299988 
2016-04-06,423.4129944 
2016-04-07,422.7449951 
2016-04-08,420.348999 
2016-04-09,419.4110107 
2016-04-10,421.5639954 
2016-04-11,422.4830017 
2016-04-12,425.1900024 
2016-04-13,423.7340088 
2016-04-14,424.2820129 
2016-04-15,429.7130127 
2016-04-16,430.571991 
2016-04-17,427.3989868 
2016-04-18,428.5910034 
2016-04-19,435.5090027 
2016-04-20,441.3890076 
2016-04-21,449.4249878 
2016-04-22,445.7369995 
2016-04-23,450.2820129 
2016-04-24,458.5549927 
2016-04-25,461.4259949 
2016-04-26,466.0889893 
2016-04-27,444.6870117 
2016-04-28,449.0109863 
2016-04-29,455.0969849 
2016-04-30,448.3179932 
2016-05-01,451.875 
2016-05-02,444.6690063 
2016-05-03,450.3039856 
2016-05-04,446.7219849 
2016-05-05,447.9760132 
2016-05-06,459.6029968 
2016-05-07,458.5360107 
2016-05-08,458.5480042 
2016-05-09,460.4830017 
2016-05-10,450.894989 
2016-05-11,452.7279968 
2016-05-12,454.7659912 
2016-05-13,455.6700134 
2016-05-14,455.67099 
2016-05-15,457.5679932 
2016-05-16,454.1629944 
2016-05-17,453.7829895 
2016-05-18,454.618988 
2016-05-19,438.7149963 
2016-05-20,442.6759949 
2016-05-21,443.1879883 
2016-05-22,439.322998 
2016-05-23,444.1549988 
2016-05-24,445.9809875 
2016-05-25,449.598999 
2016-05-26,453.3840027 
2016-05-27,473.4639893 
2016-05-28,530.039978 
2016-05-29,526.2329712 
2016-05-30,533.8640137 
2016-05-31,531.3859863 
2016-06-01,536.9199829 
2016-06-02,537.9719849 
2016-06-03,569.1939697 
2016-06-04,572.7269897 
2016-06-05,574.9769897 
2016-06-06,585.5369873 
2016-06-07,576.5969849 
2016-06-08,581.6450195 
2016-06-09,574.6300049 
2016-06-10,577.4699707 
2016-06-11,606.7269897 
2016-06-12,672.7839966 
2016-06-13,704.3759766 
2016-06-14,685.559021 
2016-06-15,694.4689941 
2016-06-16,766.3079834 
2016-06-17,748.9089966 
2016-06-18,756.2269897 
2016-06-19,763.7810059 
2016-06-20,737.2260132 
2016-06-21,666.6519775 
2016-06-22,596.1160278 
2016-06-23,623.9769897 
2016-06-24,665.2990112 
2016-06-25,665.1229858 
2016-06-26,629.3670044 
2016-06-27,655.2750244 
2016-06-28,647.0009766 
2016-06-29,639.8900146 
2016-06-30,673.3369751 
2016-07-01,676.2960205 
2016-07-02,703.7020264 
2016-07-03,658.6640015 
2016-07-04,683.6619873 
2016-07-05,670.6270142 
2016-07-06,677.3309937 
2016-07-07,640.5620117 
2016-07-08,666.5230103 
2016-07-09,650.960022 
2016-07-10,649.3599854 
2016-07-11,647.6589966 
2016-07-12,664.5510254 
2016-07-13,654.4680176 
2016-07-14,658.0780029 
2016-07-15,663.2550049 
2016-07-16,660.7670288 
2016-07-17,679.4589844 
2016-07-18,673.1060181 
2016-07-19,672.8640137 
2016-07-20,665.6849976 
2016-07-21,665.0120239 
2016-07-22,650.6190186 
2016-07-23,655.5560303 
2016-07-24,661.2849731 
2016-07-25,654.0969849 
2016-07-26,651.7839966 
2016-07-27,654.3519897 
2016-07-28,655.0349731 
2016-07-29,656.9920044 
2016-07-30,655.0469971 
2016-07-31,624.6810303 
2016-08-01,606.2719727 
2016-08-02,547.4650269 
2016-08-03,566.3549805 
2016-08-04,578.2890015 
2016-08-05,575.0430298 
2016-08-06,587.7780151 
2016-08-07,592.6900024 
2016-08-08,591.0540161 
2016-08-09,587.8010254 
2016-08-10,592.1030273 
2016-08-11,589.1199951 
2016-08-12,587.559021 
2016-08-13,585.5880127 
2016-08-14,570.4730225 
2016-08-15,567.2399902 
2016-08-16,577.4390259 
2016-08-17,573.2160034 
2016-08-18,574.3179932 
2016-08-19,575.6300049 
2016-08-20,581.6970215 
2016-08-21,581.3079834 
2016-08-22,586.7529907 
2016-08-23,583.414978 
2016-08-24,580.1820068 
2016-08-25,577.7609863 
2016-08-26,579.651001 
2016-08-27,569.9470215 
2016-08-28,573.9119873 
2016-08-29,574.1069946 
2016-08-30,577.5029907 
2016-08-31,575.4719849 
2016-09-01,572.3029785 
2016-09-02,575.5369873 
2016-09-03,598.2119751 
2016-09-04,608.6339722 
2016-09-05,606.5900269 
2016-09-06,610.4359741 
2016-09-07,614.5440063 
2016-09-08,626.315979 
2016-09-09,622.8610229 
2016-09-10,623.5089722 
2016-09-11,606.7189941 
2016-09-12,608.242981 
2016-09-13,609.2410278 
2016-09-14,610.684021 
2016-09-15,607.1550293 
2016-09-16,606.9730225 
2016-09-17,605.9840088 
2016-09-18,609.8740234 
2016-09-19,609.2269897 
2016-09-20,608.3120117 
2016-09-21,597.1489868 
2016-09-22,596.2979736 
2016-09-23,602.84198 
2016-09-24,602.625 
2016-09-25,600.8259888 
2016-09-26,608.0430298 
2016-09-27,606.1660156 
2016-09-28,604.7280273 
2016-09-29,605.6929932 
2016-09-30,609.7349854 
2016-10-01,613.9829712 
2016-10-02,610.8920288 
2016-10-03,612.1329956 
2016-10-04,610.2039795 
2016-10-05,612.5109863 
2016-10-06,613.0209961 
2016-10-07,617.1209717 
2016-10-08,619.1079712 
2016-10-09,616.7520142 
2016-10-10,618.9940186 
2016-10-11,641.0720215 
2016-10-12,636.1920166 
2016-10-13,636.7860107 
2016-10-14,640.3779907 
2016-10-15,638.6459961 
2016-10-16,641.6309814 
2016-10-17,639.1929932 
2016-10-18,637.960022 
2016-10-19,630.5200195 
2016-10-20,630.8569946 
2016-10-21,632.8280029 
2016-10-22,657.2940063 
2016-10-23,657.0709839 
2016-10-24,653.7609863 
2016-10-25,657.5880127 
2016-10-26,678.3040161 
2016-10-27,688.3129883 
2016-10-28,689.651001 
2016-10-29,714.4790039 
2016-10-30,701.8640137 
2016-10-31,700.9719849 
2016-11-01,729.7930298 
2016-11-02,740.8289795 
2016-11-03,688.7000122 
2016-11-04,703.2349854 
2016-11-05,703.4180298 
2016-11-06,711.5219727 
2016-11-07,703.1309814 
2016-11-08,709.8480225 
2016-11-09,723.2730103 
2016-11-10,715.5339966 
2016-11-11,716.4110107 
2016-11-12,705.0540161 
2016-11-13,702.0310059 
2016-11-14,705.0209961 
2016-11-15,711.6190186 
2016-11-16,744.197998 
2016-11-17,740.9769897 
2016-11-18,751.585022 
2016-11-19,751.6160278 
2016-11-20,731.026001 
2016-11-21,739.2479858 
2016-11-22,751.3469849 
2016-11-23,744.5939941 
2016-11-24,740.2890015 
2016-11-25,741.6489868 
2016-11-26,735.382019 
2016-11-27,732.0349731 
2016-11-28,735.8129883 
2016-11-29,735.6040039 
2016-11-30,745.690979 
2016-12-01,756.7739868 
2016-12-02,777.9439697 
2016-12-03,771.1550293 
2016-12-04,773.8720093 
2016-12-05,758.7000122 
2016-12-06,764.223999 
2016-12-07,768.132019 
2016-12-08,770.8099976 
2016-12-09,772.7940063 
2016-12-10,774.6500244 
2016-12-11,769.7310181 
2016-12-12,780.0869751 
2016-12-13,780.5560303 
2016-12-14,781.4810181 
2016-12-15,778.0880127 
2016-12-16,784.9069824 
2016-12-17,790.8289795 
2016-12-18,790.5300293 
2016-12-19,792.7139893 
2016-12-20,800.8759766 
2016-12-21,834.2810059 
2016-12-22,864.539978 
2016-12-23,921.9840088 
2016-12-24,898.8220215 
2016-12-25,896.1829834 
2016-12-26,907.6099854 
2016-12-27,933.197998 
2016-12-28,975.9210205 
2016-12-29,973.4970093 
2016-12-30,961.2379761 
2016-12-31,963.742981 
2017-01-01,998.3250122 
2017-01-02,1021.75 
2017-01-03,1043.839966 
2017-01-04,1154.72998 
2017-01-05,1013.380005 
2017-01-06,902.2009888 
2017-01-07,908.585022 
2017-01-08,911.1989746 
2017-01-09,902.8280029 
2017-01-10,907.6790161 
2017-01-11,777.757019 
2017-01-12,804.8339844 
2017-01-13,823.9840088 
2017-01-14,818.4119873 
2017-01-15,821.7979736 
2017-01-16,831.5339966 
2017-01-17,907.9379883 
2017-01-18,886.617981 
2017-01-19,899.072998 
2017-01-20,895.026001 
2017-01-21,921.7890015 
2017-01-22,924.6729736 
2017-01-23,921.0120239 
2017-01-24,892.6870117 
2017-01-25,901.5419922 
2017-01-26,917.5859985 
2017-01-27,919.75 
2017-01-28,921.5900269 
2017-01-29,919.4959717 
2017-01-30,920.382019 
2017-01-31,970.4030151 
2017-02-01,989.0230103 
2017-02-02,1011.799988 
2017-02-03,1029.910034 
2017-02-04,1042.900024 
2017-02-05,1027.339966 
2017-02-06,1038.150024 
2017-02-07,1061.349976 
2017-02-08,1063.069946 
2017-02-09,994.3829956 
2017-02-10,988.6740112 
2017-02-11,1004.450012 
2017-02-12,999.1810303 
2017-02-13,990.6420288 
2017-02-14,1004.549988 
2017-02-15,1007.47998 
2017-02-16,1027.439941 
2017-02-17,1046.209961 
2017-02-18,1054.420044 
2017-02-19,1047.869995 
2017-02-20,1079.97998 
2017-02-21,1115.300049 
2017-02-22,1117.439941 
2017-02-23,1166.719971 
2017-02-24,1173.680054 
2017-02-25,1143.839966 
2017-02-26,1165.199951 
2017-02-27,1179.969971 
2017-02-28,1179.969971 
2017-03-01,1222.5 
2017-03-02,1251.01001 
2017-03-03,1274.98999 
2017-03-04,1255.150024 
2017-03-05,1267.119995 
2017-03-06,1272.829956 
2017-03-07,1223.540039 
2017-03-08,1150 
2017-03-09,1188.48999 
2017-03-10,1116.719971 
2017-03-11,1175.829956 
2017-03-12,1221.380005 
2017-03-13,1231.920044 
2017-03-14,1240 
2017-03-15,1249.609985 
2017-03-16,1187.810059 
2017-03-17,1100.22998 
2017-03-18,973.8179932 
2017-03-19,1036.73999 
2017-03-20,1054.22998 
2017-03-21,1120.540039 
2017-03-22,1049.140015 
2017-03-23,1038.589966 
2017-03-24,937.5200195 
2017-03-25,972.7789917 
2017-03-26,966.7249756 
2017-03-27,1045.77002 
2017-03-28,1047.150024 
2017-03-29,1039.969971 
2017-03-30,1026.430054 
2017-03-31,1071.790039 
2017-04-01,1080.5 
2017-04-02,1102.170044 
2017-04-03,1143.810059 
2017-04-04,1133.25 
2017-04-05,1124.780029 
2017-04-06,1182.680054 
2017-04-07,1176.900024 
2017-04-08,1175.949951 
2017-04-09,1187.869995 
2017-04-10,1187.130005 
2017-04-11,1205.01001 
2017-04-12,1200.369995 
2017-04-13,1169.280029 
2017-04-14,1167.540039 
2017-04-15,1172.52002 
2017-04-16,1182.939941 
2017-04-17,1193.910034 
2017-04-18,1211.670044 
2017-04-19,1210.290039 
2017-04-20,1229.079956 
2017-04-21,1222.050049 
2017-04-22,1231.709961 
2017-04-23,1207.209961 
2017-04-24,1250.150024 
2017-04-25,1265.48999 
2017-04-26,1281.079956 
2017-04-27,1317.72998 
2017-04-28,1316.47998 
2017-04-29,1321.790039 
2017-04-30,1347.890015 
2017-05-01,1421.599976 
2017-05-02,1452.819946 
2017-05-03,1490.089966 
2017-05-04,1537.670044 
2017-05-05,1555.449951 
2017-05-06,1578.800049 
2017-05-07,1596.709961 
2017-05-08,1723.349976 
2017-05-09,1755.359985 
2017-05-10,1787.130005 
2017-05-11,1848.569946 
2017-05-12,1724.23999 
2017-05-13,1804.910034 
2017-05-14,1808.910034 
2017-05-15,1738.430054 
2017-05-16,1734.449951 
2017-05-17,1839.089966 
2017-05-18,1888.650024 
2017-05-19,1987.709961 
2017-05-20,2084.72998 
2017-05-21,2041.199951 
2017-05-22,2173.399902 
2017-05-23,2320.419922 
2017-05-24,2443.639893 
2017-05-25,2304.97998 
2017-05-26,2202.419922 
2017-05-27,2038.869995 
2017-05-28,2155.800049 
2017-05-29,2255.610107 
2017-05-30,2175.469971 
2017-05-31,2286.409912 
2017-06-01,2407.879883 
2017-06-02,2488.550049 
2017-06-03,2515.350098 
2017-06-04,2511.810059 
2017-06-05,2686.810059 
2017-06-06,2863.199951 
2017-06-07,2732.159912 
2017-06-08,2805.620117 
2017-06-09,2823.810059 
2017-06-10,2947.709961 
2017-06-11,2958.110107 
2017-06-12,2659.629883 
2017-06-13,2717.02002 
2017-06-14,2506.370117 
2017-06-15,2464.580078 
2017-06-16,2518.560059 
2017-06-17,2655.879883 
2017-06-18,2548.290039 
2017-06-19,2589.600098 
2017-06-20,2721.790039 
2017-06-21,2689.100098 
2017-06-22,2705.409912 
2017-06-23,2744.909912 
2017-06-24,2608.719971 
2017-06-25,2589.409912 
2017-06-26,2478.449951 
2017-06-27,2552.449951 
2017-06-28,2574.790039 
2017-06-29,2539.320068 
2017-06-30,2480.840088 
2017-07-01,2434.550049 
2017-07-02,2506.469971 
2017-07-03,2564.060059 
2017-07-04,2601.639893 
2017-07-05,2601.98999 
2017-07-06,2608.560059 
2017-07-07,2518.659912 
2017-07-08,2571.340088 
2017-07-09,2518.439941 
2017-07-10,2372.560059 
2017-07-11,2337.790039 
2017-07-12,2398.840088 
2017-07-13,2357.899902 
2017-07-14,2233.340088 
2017-07-15,1998.859985 
2017-07-16,1929.819946 
2017-07-17,2228.409912 
2017-07-18,2318.879883 
2017-07-19,2273.429932 
2017-07-20,2817.600098 
2017-07-21,2667.76001 
2017-07-22,2810.120117 
2017-07-23,2730.399902 
2017-07-24,2754.860107 
2017-07-25,2576.47998 
2017-07-26,2529.449951 
2017-07-27,2671.780029 
2017-07-28,2809.01001 
2017-07-29,2726.449951 
2017-07-30,2757.179932 
2017-07-31,2875.340088 
2017-08-01,2718.26001 
2017-08-02,2710.669922 
2017-08-03,2804.72998 
2017-08-04,2895.889893 
2017-08-05,3252.909912 
2017-08-06,3213.939941 
2017-08-07,3378.939941 
2017-08-08,3419.939941 
2017-08-09,3342.469971 
2017-08-10,3381.280029 
2017-08-11,3650.620117 
2017-08-12,3884.709961 
2017-08-13,4073.26001 
2017-08-14,4325.129883 
2017-08-15,4181.930176 
2017-08-16,4376.629883 
2017-08-17,4331.689941 
2017-08-18,4160.620117 
2017-08-19,4193.700195 
2017-08-20,4087.659912 
2017-08-21,4001.73999 
2017-08-22,4100.52002 
2017-08-23,4151.52002 
2017-08-24,4334.680176 
2017-08-25,4371.600098 
2017-08-26,4352.399902 
2017-08-27,4382.879883 
2017-08-28,4382.660156 
2017-08-29,4579.02002 
2017-08-30,4565.299805 
2017-08-31,4703.390137 
2017-09-01,4892.009766 
2017-09-02,4578.77002 
2017-09-03,4582.959961 
2017-09-04,4236.310059 
2017-09-05,4376.529785 
2017-09-06,4597.120117 
2017-09-07,4599.879883 
2017-09-08,4228.75 
2017-09-09,4226.060059 
2017-09-10,4122.939941 
2017-09-11,4161.27002 
2017-09-12,4130.810059 
2017-09-13,3882.590088 
2017-09-14,3154.949951 
2017-09-15,3637.52002 
2017-09-16,3625.040039 
2017-09-17,3582.879883 
2017-09-18,4065.199951 
2017-09-19,3924.969971 
2017-09-20,3905.949951 
2017-09-21,3631.040039 
2017-09-22,3630.699951 
2017-09-23,3792.399902 
2017-09-24,3682.840088 
2017-09-25,3926.070068 
2017-09-26,3892.350098 
2017-09-27,4200.669922 
2017-09-28,4174.72998 
2017-09-29,4163.069824 
2017-09-30,4338.709961 
2017-10-01,4403.740234 
2017-10-02,4409.319824 
2017-10-03,4317.47998 
2017-10-04,4229.359863 
2017-10-05,4328.410156 
2017-10-06,4370.810059 
2017-10-07,4426.890137 
2017-10-08,4610.47998 
2017-10-09,4772.02002 
2017-10-10,4781.990234 
2017-10-11,4826.47998 
2017-10-12,5446.910156 
2017-10-13,5647.209961 
2017-10-14,5831.790039 
2017-10-15,5678.189941 
2017-10-16,5725.589844 
2017-10-17,5605.509766 
2017-10-18,5590.689941 
2017-10-19,5708.52002 
2017-10-20,6011.450195 
2017-10-21,6031.600098 
2017-10-22,6008.419922 
2017-10-23,5930.319824 
2017-10-24,5526.640137 
2017-10-25,5750.799805 
2017-10-26,5904.830078 
2017-10-27,5780.899902 
2017-10-28,5753.089844 
2017-10-29,6153.850098 
2017-10-30,6130.529785 
2017-10-31,6468.399902 
2017-11-01,6767.310059 
2017-11-02,7078.5 
2017-11-03,7207.759766 
2017-11-04,7379.950195 
2017-11-05,7407.410156 
2017-11-06,7022.759766 
2017-11-07,7144.379883 
2017-11-08,7459.689941 
2017-11-09,7143.580078 
2017-11-10,6618.140137 
2017-11-11,6357.600098 
2017-11-12,5950.069824 
2017-11-13,6559.490234 
2017-11-14,6635.75 
2017-11-15,7315.540039 
2017-11-16,7871.689941 
2017-11-17,7708.990234 
2017-11-18,7790.149902 
2017-11-19,8036.490234 
2017-11-20,8200.639648 
2017-11-21,8071.259766 
2017-11-22,8253.549805 
2017-11-23,8038.77002 
2017-11-24,8253.69043 
2017-11-25,8790.919922 
2017-11-26,9330.549805 
2017-11-27,9818.349609 
2017-11-28,10058.7998 
2017-11-29,9888.610352 
2017-11-30,10233.59961 
2017-12-01,10975.59961 
2017-12-02,11074.59961 
2017-12-03,11323.2002 
2017-12-04,11657.2002 
2017-12-05,11916.7002 
2017-12-06,14291.5 
2017-12-07,17899.69922 
2017-12-08,16569.40039 
2017-12-09,15178.2002 
2017-12-10,15455.40039 
2017-12-11,16936.80078 
2017-12-12,17415.40039 
2017-12-13,16408.19922 
2017-12-14,16564 
2017-12-15,17706.90039 
2017-12-16,19497.40039 
2017-12-17,19140.80078 
2017-12-18,19114.19922 
2017-12-19,17776.69922 
2017-12-20,16624.59961 
2017-12-21,15802.90039 
2017-12-22,13831.7998 
2017-12-23,14699.2002 
2017-12-24,13925.7998 
2017-12-25,14026.59961 
2017-12-26,16099.7998 
2017-12-27,15838.5 
2017-12-28,14606.5 
2017-12-29,14656.2002 
2017-12-30,12952.2002 
2017-12-31,14156.40039 
2018-01-01,13657.2002 
2018-01-02,14982.09961 
2018-01-03,15201 
2018-01-04,15599.2002 
2018-01-05,17429.5 
2018-01-06,17527 
2018-01-07,16477.59961 
2018-01-08,15170.09961 
2018-01-09,14595.40039 
2018-01-10,14973.2998 
2018-01-11,13405.7998 
2018-01-12,13980.59961 
2018-01-13,14360.2002 
2018-01-14,13772 
2018-01-15,13819.7998 
2018-01-16,11490.5 
2018-01-17,11188.59961 
2018-01-18,11474.90039 
2018-01-19,11607.40039 
2018-01-20,12899.2002 
2018-01-21,11600.09961 
2018-01-22,10931.40039 
2018-01-23,10868.40039 
2018-01-24,11359.40039 
2018-01-25,11259.40039 
2018-01-26,11171.40039 
2018-01-27,11440.7002 
2018-01-28,11786.2998 
2018-01-29,11296.40039 
2018-01-30,10106.2998 
2018-01-31,10221.09961 
2018-02-01,9170.540039 
2018-02-02,8830.75 
2018-02-03,9174.910156 
2018-02-04,8277.009766 
2018-02-05,6955.27002 
2018-02-06,7754 
2018-02-07,7621.299805 
2018-02-08,8265.589844 
2018-02-09,8736.980469 
2018-02-10,8621.900391 
2018-02-11,8129.970215 
2018-02-12,8926.570313 
2018-02-13,8598.30957 
2018-02-14,9494.629883 
2018-02-15,10166.40039 
2018-02-16,10233.90039 
2018-02-17,11112.7002 
2018-02-18,10551.7998 
2018-02-19,11225.2998 
2018-02-20,11403.7002 
2018-02-21,10690.40039 
2018-02-22,10005 
2018-02-23,10301.09961 
2018-02-24,9813.070313 
2018-02-25,9664.730469 
2018-02-26,10366.7002 
2018-02-27,10725.59961 
2018-02-28,10397.90039 
2018-03-01,10951 
2018-03-02,11086.40039 
2018-03-03,11489.7002 
2018-03-04,11512.59961 
2018-03-05,11573.2998 
2018-03-06,10779.90039 
2018-03-07,9965.570313 
2018-03-08,9395.009766 
2018-03-09,9337.549805 
2018-03-10,8866 
2018-03-11,9578.629883 
2018-03-12,9205.120117 
2018-03-13,9194.849609 
2018-03-14,8269.80957 
2018-03-15,8300.860352 
2018-03-16,8338.349609 
2018-03-17,7916.879883 
2018-03-18,8223.679688 
2018-03-19,8630.650391 
2018-03-20,8913.469727 
2018-03-21,8929.280273 
2018-03-22,8728.469727 
2018-03-23,8879.620117 
2018-03-24,8668.120117 
2018-03-25,8495.780273 
2018-03-26,8209.400391 
2018-03-27,7833.040039 
2018-03-28,7954.47998 
2018-03-29,7165.700195 
2018-03-30,6890.52002 
2018-03-31,6973.529785 
2018-04-01,6844.22998 
2018-04-02,7083.799805 
2018-04-03,7456.109863 
2018-04-04,6853.839844 
2018-04-05,6811.470215 
2018-04-06,6636.319824 
2018-04-07,6911.089844 
2018-04-08,7023.52002 
2018-04-09,6770.72998 
2018-04-10,6834.759766 
2018-04-11,6968.319824 
2018-04-12,7889.25 
2018-04-13,7895.959961 
2018-04-14,7986.240234 
2018-04-15,8329.110352 
2018-04-16,8058.669922 
2018-04-17,7902.089844 
2018-04-18,8163.419922 
2018-04-19,8294.30957 
2018-04-20,8845.830078 
2018-04-21,8895.580078 
2018-04-22,8802.459961 
2018-04-23,8930.879883 
2018-04-24,9697.5 
2018-04-25,8845.740234 
2018-04-26,9281.509766 
2018-04-27,8987.049805 
2018-04-28,9348.480469 
2018-04-29,9419.080078 
2018-04-30,9240.549805 
2018-05-01,9119.009766 
2018-05-02,9235.919922 
2018-05-03,9743.860352 
2018-05-04,9700.759766 
2018-05-05,9858.150391 
2018-05-06,9654.799805 
2018-05-07,9373.009766 
2018-05-08,9234.820313 
2018-05-09,9325.179688 
2018-05-10,9043.94043 
2018-05-11,8441.490234 
2018-05-12,8504.889648 
2018-05-13,8723.94043 
2018-05-14,8716.790039 
2018-05-15,8510.379883 
2018-05-16,8368.830078 
2018-05-17,8094.319824 
2018-05-18,8250.969727 
2018-05-19,8247.179688 
2018-05-20,8513.25 
2018-05-21,8418.990234 
2018-05-22,8041.779785 
2018-05-23,7557.819824 
2018-05-24,7587.339844 
2018-05-25,7480.140137 
2018-05-26,7355.879883 
2018-05-27,7368.220215 
2018-05-28,7135.990234 
2018-05-29,7472.589844 
2018-05-30,7406.52002 
2018-05-31,7494.169922 
2018-06-01,7541.450195 
2018-06-02,7643.450195 
2018-06-03,7720.25 
2018-06-04,7514.470215 
2018-06-05,7633.759766 
2018-06-06,7653.97998 
2018-06-07,7678.240234 
2018-06-08,7624.919922 
2018-06-09,7531.97998 
2018-06-10,6786.02002 
2018-06-11,6906.919922 
2018-06-12,6582.359863 
2018-06-13,6349.899902 
2018-06-14,6675.350098 
2018-06-15,6456.580078 
2018-06-16,6550.160156 
2018-06-17,6499.27002 
2018-06-18,6734.819824 
2018-06-19,6769.939941 
2018-06-20,6776.549805 
2018-06-21,6729.740234 
2018-06-22,6083.689941 
2018-06-23,6162.47998 
2018-06-24,6173.22998 
2018-06-25,6249.180176 
2018-06-26,6093.669922 
2018-06-27,6157.129883 
2018-06-28,5903.439941 
2018-06-29,6218.299805 
2018-06-30,6404 
2018-07-01,6385.819824 
2018-07-02,6614.180176 
2018-07-03,6529.589844 
2018-07-04,6597.549805 
2018-07-05,6639.140137 
2018-07-06,6673.5 
2018-07-07,6856.930176 
2018-07-08,6773.879883 
2018-07-09,6741.75 
2018-07-10,6329.950195 
2018-07-11,6394.709961 
2018-07-12,6228.810059 
2018-07-13,6238.049805 
2018-07-14,6276.120117 
2018-07-15,6359.640137 
2018-07-16,6741.75 
2018-07-17,7321.040039 
2018-07-18,7370.779785 
2018-07-19,7466.859863 
2018-07-20,7354.129883 
2018-07-21,7419.290039 
2018-07-22,7418.490234 
2018-07-23,7711.109863 
2018-07-24,8424.269531 
2018-07-25,8181.390137 
2018-07-26,7951.580078 
2018-07-27,8165.009766 
2018-07-28,8192.150391 
2018-07-29,8218.459961 
2018-07-30,8180.48 
2018-07-31,7780.44 
2018-08-01,7624.91 
2018-08-02,7567.15 
2018-08-03,7434.39 
2018-08-04,7032.85 
2018-08-05,7068.48 
2018-08-06,6951.8 
2018-08-07,6753.12 
2018-08-08,6305.8 
2018-08-09,6568.23 
2018-08-10,6184.71 
2018-08-11,6295.73 
2018-08-12,6322.69 
2018-08-13,6297.57 
2018-08-14,6199.71 
2018-08-15,6308.52 
2018-08-16,6334.73 
2018-08-17,6580.63 
2018-08-18,6423.76 
2018-08-19,6506.07 
2018-08-20,6308.53 
2018-08-21,6488.76 
2018-08-22,6376.71 
2018-08-23,6534.88 
2018-08-24,6719.96 
2018-08-25,6763.19 
2018-08-26,6707.26 
2018-08-27,6884.64 
2018-08-28,7096.28 
2018-08-29,7047.16 
2018-08-30,6978.23 
2018-08-31,7037.58 
2018-09-01,7193.25 
2018-09-02,7272.72 
2018-09-03,7260.06 
2018-09-04,7361.66 
2018-09-05,6792.83 
2018-09-06,6529.17 
2018-09-07,6467.07 
2018-09-08,6225.98 
2018-09-09,6300.86 
2018-09-10,6329.7 
2018-09-11,6321.2 
2018-09-12,6351.8 
2018-09-13,6517.31 
2018-09-14,6512.71 
2018-09-15,6543.2 
2018-09-16,6517.18 
2018-09-17,6281.2 
2018-09-18,6371.3 
2018-09-19,6398.54 
2018-09-20,6519.67 
2018-09-21,6734.95 
2018-09-22,6721.98 
2018-09-23,6710.63 
2018-09-24,6595.41 
2018-09-25,6446.47 
2018-09-26,6495 
2018-09-27,6676.75 
2018-09-28,6644.13 
2018-09-29,6601.96 
2018-09-30,6625.56 
2018-10-01,6589.62 
2018-10-02,6556.1 
2018-10-03,6502.59 
2018-10-04,6576.69 
2018-10-05,6622.48 
2018-10-06,6588.31 
2018-10-07,6602.95 
2018-10-08,6652.23 
2018-10-09,6642.64 
2018-10-10,6585.53 
2018-10-11,6256.24 
2018-10-12,6274.58 
2018-10-13,6285.99 
2018-10-14,6290.93 
2018-10-15,6596.54 
2018-10-16,6596.11 
2018-10-17,6544.43 
2018-10-18,6476.71 
2018-10-19,6465.41 
2018-10-20,6489.19 
2018-10-21,6482.35 
2018-10-22,6487.16 
2018-10-23,6475.74 
2018-10-24,6495.84 
2018-10-25,6476.29 
2018-10-26,6474.75 
2018-10-27,6480.38 
2018-10-28,6486.39 
2018-10-29,6332.63 
2018-10-30,6334.27 
2018-10-31,6317.61 
2018-11-01,6377.78 
2018-11-02,6388.44 
2018-11-03,6361.26 
2018-11-04,6376.13 
2018-11-05,6419.66 
2018-11-06,6461.01 
2018-11-07,6530.14 
2018-11-08,6453.72 
2018-11-09,6385.62 
2018-11-10,6409.22 
2018-11-11,6411.27 
2018-11-12,6371.27 
2018-11-13,6359.49 
2018-11-14,5738.35 
2018-11-15,5648.03 
2018-11-16,5575.55 
2018-11-17,5554.33 
2018-11-18,5623.54 
2018-11-19,4871.49 
2018-11-20,4451.87 
2018-11-21,4602.17 
2018-11-22,4365.94 
2018-11-23,4347.11 
2018-11-24,3880.76 
2018-11-25,4009.97 
2018-11-26,3779.13 
2018-11-27,3820.72 
2018-11-28,4257.42 
2018-11-29,4278.846455 
2018-11-30,4017.268457 
2018-12-01,4214.671932 
2018-12-02,4139.878064 
2018-12-03,3894.130907 
2018-12-04,3956.89387 
2018-12-05,3753.994827 
2018-12-06,3521.101724 
2018-12-07,3419.9372 
2018-12-08,3476.114715 
2018-12-09,3614.234273 
2018-12-10,3502.655996 
2018-12-11,3424.588075 
2018-12-12,3486.950144 
2018-12-13,3313.677258 
2018-12-14,3242.484763 
2018-12-15,3236.761645 
2018-12-16,3252.839026 
2018-12-17,3545.864761 
2018-12-18,3696.059128 
2018-12-19,3745.950765 
2018-12-20,4134.441203 
2018-12-21,3896.543717 
2018-12-22,4014.182514 
2018-12-23,3998.980342 
2018-12-24,4078.599195 
2018-12-25,3815.49061 
2018-12-26,3857.29752 
2018-12-27,3654.833539 
2018-12-28,3923.918594 
2018-12-29,3820.408682 
2018-12-30,3865.952577 
2018-12-31,3742.700335 
2019-01-01,3843.519967 
2019-01-02,3943.409337 
2019-01-03,3836.741319 
2019-01-04,3857.717619 
2019-01-05,3845.19446 
2019-01-06,4076.632685 
2019-01-07,4025.248287 
2019-01-08,4030.847999 
2019-01-09,4035.296369 
2019-01-10,3678.924681 
2019-01-11,3687.365482 
2019-01-12,3661.30099 
2019-01-13,3552.953068 
2019-01-14,3706.05222 
2019-01-15,3630.675225 
2019-01-16,3655.006886 
2019-01-17,3678.563976 
2019-01-18,3657.839435 
2019-01-19,3728.568365 
2019-01-20,3601.013592 
2019-01-21,3576.032439 
2019-01-22,3604.577052 
2019-01-23,3585.123066 
2019-01-24,3600.865501 
2019-01-25,3599.765888 
2019-01-26,3602.460439 
2019-01-27,3583.965763 
2019-01-28,3470.450542 
2019-01-29,3448.117022 
2019-01-30,3486.181751 
2019-01-31,3457.792747 
2019-02-01,3487.945387 
2019-02-02,3521.060787 
2019-02-03,3464.013326 
2019-02-04,3459.154146 
2019-02-05,3466.357439 
2019-02-06,3413.767718 
2019-02-07,3399.471644 
2019-02-08,3666.780351 
2019-02-09,3671.203705 
2019-02-10,3690.188244 
2019-02-11,3648.430628 
2019-02-12,3653.528645 
2019-02-13,3632.070603 
2019-02-14,3616.88097 
2019-02-15,3620.810753 
2019-02-16,3629.787491 
2019-02-17,3673.836293 
2019-02-18,3915.714473 
2019-02-19,3947.094407 
2019-02-20,3999.820509 
2019-02-21,3954.118243 
2019-02-22,4005.526604 
2019-02-23,4142.52693 
2019-02-24,3810.427431 
2019-02-25,3882.696293 
2019-02-26,3854.357936 
2019-02-27,3851.04748 
2019-02-28,3854.785282 
2019-03-01,3859.583752 
2019-03-02,3864.415107 
2019-03-03,3847.175699 
2019-03-04,3761.557018 
2019-03-05,3896.375023 
2019-03-06,3903.942583 
2019-03-07,3911.484289 
2019-03-08,3901.131624 
2019-03-09,3963.313742 
2019-03-10,3951.599828 
2019-03-11,3905.22732 
2019-03-12,3909.156209 
2019-03-13,3906.717169 
2019-03-14,3924.369118 
2019-03-15,3960.911187 
2019-03-16,4048.725904 
2019-03-17,4025.22898 
2019-03-18,4032.507385 
2019-03-19,4071.1902 
2019-03-20,4087.476299 
2019-03-21,4029.326907 
2019-03-22,4023.968162 
2019-03-23,4035.826351 
2019-03-24,4022.168282 
2019-03-25,3963.070654 
2019-03-26,3985.080803 
2019-03-27,4087.06623 
2019-03-28,4069.10715 
2019-03-29,4098.374541 
2019-03-30,4106.660085 
2019-03-31,4105.404296 
2019-04-01,4158.18307 
2019-04-02,4879.877828 
2019-04-03,4973.021815 
2019-04-04,4922.798788 
2019-04-05,5036.6811 
2019-04-06,5059.817188 
2019-04-07,5198.89699 
2019-04-08,5289.77104 
2019-04-09,5204.958378 
2019-04-10,5324.551869 
2019-04-11,5064.487672 
2019-04-12,5089.538912 
2019-04-13,5096.586563 
2019-04-14,5167.722367 
2019-04-15,5067.108472 
2019-04-16,5235.559419 
2019-04-17,5251.938189 
2019-04-18,5298.385699 
2019-04-19,5303.812616 
2019-04-20,5337.886132 
2019-04-21,5314.531453 
2019-04-22,5399.36541 
2019-04-23,5572.362061 
2019-04-24,5464.866642 
2019-04-25,5210.515559 
2019-04-26,5279.348211 
2019-04-27,5268.291063 
2019-04-28,5285.139008 
2019-04-29,5247.352537 
2019-04-30,5350.726697 
2019-05-01,5402.697091 
2019-05-02,5505.283672 
2019-05-03,5768.289407 
2019-05-04,5831.167472 
2019-05-05,5795.708429 
2019-05-06,5746.807003 
2019-05-07,5829.501516 
2019-05-08,5982.457323 
2019-05-09,6174.528689 
2019-05-10,6378.848974 
2019-05-11,7204.771697 
2019-05-12,6972.371523 
2019-05-13,7814.91514 
2019-05-14,7994.416156 
2019-05-15,8205.167495 
2019-05-16,7884.909291 
2019-05-17,7343.895717 
2019-05-18,7271.207904 
2019-05-19,8197.689691 
2019-05-20,7978.309072 
2019-05-21,7963.327779 
2019-05-22,7680.066546 
2019-05-23,7881.846721 
2019-05-24,7987.371566 
2019-05-25,8052.543859 
2019-05-26,8673.216035 
2019-05-27,8805.778377 
2019-05-28,8719.961736 
2019-05-29,8659.487756 
2019-05-30,8319.472229 
2019-05-31,8574.501649 
2019-06-01,8564.016472 
2019-06-02,8742.9581 
2019-06-03,8208.99483 
2019-06-04,7707.770771 
2019-06-05,7824.231539 
2019-06-06,7822.023382 
2019-06-07,8043.951358 
2019-06-08,7954.127724 
2019-06-09,7688.077111 
2019-06-10,8000.329823 
2019-06-11,7927.714351 
2019-06-12,8145.857474 
2019-06-13,8230.923831 
2019-06-14,8693.832815 
2019-06-15,8838.375234 
2019-06-16,8994.488013 
2019-06-17,9320.352183 
2019-06-18,9081.762851 
2019-06-19,9273.521766 
2019-06-20,9527.16035 
2019-06-21,10144.55672 
2019-06-22,10701.69101 
2019-06-23,10855.37102 
2019-06-24,11011.10245 
2019-06-25,11790.91653 
2019-06-26,13016.23174 
2019-06-27,11182.80629 
2019-06-28,12407.332 
2019-06-29,11959.37098 
2019-06-30,10817.1556 
2019-07-01,10583.13452 
2019-07-02,10801.67792 
2019-07-03,11961.26934 
2019-07-04,11215.43755 
2019-07-05,10978.45995 
2019-07-06,11208.55085 
2019-07-07,11450.84676 
2019-07-08,12285.95822 
2019-07-09,12573.81294 
2019-07-10,12156.51263 
2019-07-11,11358.66175 
2019-07-12,11815.98669 
2019-07-13,11392.37934 
2019-07-14,10256.05828 
2019-07-15,10895.08939 
2019-07-16,9477.642042 
2019-07-17,9693.802724 
2019-07-18,10666.48285 
2019-07-19,10530.73263 
2019-07-20,10767.13952 
2019-07-21,10599.1054 
2019-07-22,10343.10617 
2019-07-23,9900.768011 
2019-07-24,9811.926188 
2019-07-25,9911.842265 
2019-07-26,9870.303538 
2019-07-27,9477.677678 
2019-07-28,9552.860435 
2019-07-29,9519.145914 
2019-07-30,9607.423687 
2019-07-31,10085.62775 
2019-08-01,10399.66942 
2019-08-02,10518.17468 
2019-08-03,10821.72651 
2019-08-04,10970.18422 
2019-08-05,11805.65373 
2019-08-06,11478.16935 
2019-08-07,11941.96834 
2019-08-08,11966.40741 
2019-08-09,11862.93676 
2019-08-10,11354.02422 
2019-08-11,11523.57938 
2019-08-12,11382.61596 
2019-08-13,10895.83044 
2019-08-14,10051.70393 
2019-08-15,10311.54543 
2019-08-16,10374.33935 
2019-08-17,10231.74385 
2019-08-18,10345.81038 
2019-08-19,10916.05387 
2019-08-20,10763.23263 
2019-08-21,10138.04936 
2019-08-22,10131.0561 
2019-08-23,10407.96533 
2019-08-24,10159.96054 
2019-08-25,10138.51767 
2019-08-26,10370.82016 
2019-08-27,10185.4999 
2019-08-28,9754.423273 
2019-08-29,9510.200544 
2019-08-30,9598.173648 
2019-08-31,9630.663848 
2019-09-01,9757.970318 
2019-09-02,10346.76079 
2019-09-03,10623.54012 
2019-09-04,10594.49335 
2019-09-05,10575.53328 
2019-09-06,10353.30256 
2019-09-07,10517.25478 
2019-09-08,10441.27598 
2019-09-09,10334.97416 
2019-09-10,10115.97579 
2019-09-11,10178.37189 
2019-09-12,10410.1268 
2019-09-13,10360.54728 
2019-09-14,10358.04916 
2019-09-15,10347.71291 
2019-09-16,10276.79356 
2019-09-17,10241.27215 
2019-09-18,10198.24841 
2019-09-19,10266.41497 
2019-09-20,10181.64131 
2019-09-21,10019.71691 
2019-09-22,10070.39211 
2019-09-23,9729.323764 
2019-09-24,8620.566427 
2019-09-25,8486.992972 
2019-09-26,8118.967568 
2019-09-27,8251.845557 
2019-09-28,8245.915155 
2019-09-29,8104.185676 
2019-09-30,8293.867741 
2019-10-01,8343.276681 
2019-10-02,8393.041645 
2019-10-03,8259.991979 
2019-10-04,8205.939241 
2019-10-05,8151.500529 
2019-10-06,7988.155959 
2019-10-07,8245.622933 
2019-10-08,8228.783153 
2019-10-09,8595.739817 
2019-10-10,8586.473425 
2019-10-11,8321.756712 
2019-10-12,8336.555274 
2019-10-13,8321.005747 
2019-10-14,8374.686447 
2019-10-15,8205.369316 
2019-10-16,8047.526863 
2019-10-17,8103.911373 
2019-10-18,7973.207446 
2019-10-19,7988.560442 
2019-10-20,8222.07826 
2019-10-21,8243.721139 
2019-10-22,8078.203322 
2019-10-23,7514.672013 
2019-10-24,7493.488732 
2019-10-25,8660.700637 
2019-10-26,9244.972209 
2019-10-27,9551.714963 
2019-10-28,9256.148389 
2019-10-29,9427.687584 
2019-10-30,9205.726559 
2019-10-31,9199.584833 
2019-11-01,9261.104352 
2019-11-02,9324.717763 
2019-11-03,9235.354879 
2019-11-04,9412.611871 
2019-11-05,9342.527179 
2019-11-06,9360.879912 
2019-11-07,9267.561143 
2019-11-08,8804.880719 
2019-11-09,8813.582487 
2019-11-10,9055.526057 
2019-11-11,8757.788542 
2019-11-12,8815.662539 
2019-11-13,8808.262582 
2019-11-14,8708.095095 
2019-11-15,8491.992012 
2019-11-16,8550.760557 
2019-11-17,8577.975782 
2019-11-18,8309.285983 
2019-11-19,8206.145918 
2019-11-20,8027.268243 
2019-11-21,7642.749945 
2019-11-22,7296.577568 
2019-11-23,7397.796815 
2019-11-24,7047.916882 
2019-11-25,7146.133902 
2019-11-26,7218.371334 
2019-11-27,7531.663645 
2019-11-28,7463.106128 
2019-11-29,7761.243602 
2019-11-30,7569.630122 
2019-12-01,7424.292265 
2019-12-02,7321.988112 
2019-12-03,7320.145468 
2019-12-04,7252.034586 
2019-12-05,7448.307521 
2019-12-06,7546.996698 
2019-12-07,7556.238034 
2019-12-08,7564.345403 
2019-12-09,7400.899356 
2019-12-10,7278.119783 
2019-12-11,7217.427115 
2019-12-12,7243.134363 
2019-12-13,7269.684559 
2019-12-14,7124.67397 
2019-12-15,7152.301844 
2019-12-16,6932.48039 
2019-12-17,6640.515246 
2019-12-18,7276.80277 
2019-12-19,7202.844364 
2019-12-20,7218.816387 
2019-12-21,7191.158469 
2019-12-22,7511.589042 
2019-12-23,7355.628267 
2019-12-24,7322.532459 
2019-12-25,7275.155728 
2019-12-26,7238.967025 
2019-12-27,7290.088518 
2019-12-28,7317.990034 
2019-12-29,7422.652589 
2019-12-30,7292.995078 
2019-12-31,7193.598978 
2020-01-01,7200.174393 
2020-01-02,6985.470001 
2020-01-03,7344.884183 
2020-01-04,7410.656566 
2020-01-05,7411.317327 
2020-01-06,7769.219039 
2020-01-07,8163.692239 
2020-01-08,8079.862777 
2020-01-09,7879.071524 
2020-01-10,8166.55414 
2020-01-11,8037.537389 
2020-01-12,8192.494005 
2020-01-13,8144.194517 
2020-01-14,8827.764426 
2020-01-15,8807.010275 
2020-01-16,8723.785766 
2020-01-17,8929.037678 
2020-01-18,8942.808903 
2020-01-19,8706.24513 
2020-01-20,8657.642939 
2020-01-21,8745.894788 
2020-01-22,8680.876042 
2020-01-23,8406.516068 
2020-01-24,8445.434282 
2020-01-25,8367.847773 
2020-01-26,8596.829833 
2020-01-27,8909.819178 
2020-01-28,9358.590317 
2020-01-29,9316.629504 
2020-01-30,9508.993595 
2020-01-31,9350.529365 
2020-02-01,9392.875368 
2020-02-02,9344.365293 
2020-02-03,9293.521089 
2020-02-04,9180.962967 
2020-02-05,9613.424289 
2020-02-06,9729.802231 
2020-02-07,9795.943773 
2020-02-08,9865.119469 
2020-02-09,10116.67376 
2020-02-10,9856.611494 
2020-02-11,10208.23626 
2020-02-12,10326.05452 
2020-02-13,10214.37946 
2020-02-14,10312.11609 
2020-02-15,9889.424628 
2020-02-16,9934.43339 
2020-02-17,9690.142618 
2020-02-18,10141.99637 
2020-02-19,9633.386885 
2020-02-20,9608.475903 
2020-02-21,9686.441198 
2020-02-22,9663.181829 
2020-02-23,9924.515228 
2020-02-24,9650.174807 
2020-02-25,9341.705169 
2020-02-26,8820.5222 
2020-02-27,8784.493849 
2020-02-28,8672.45535 
2020-02-29,8599.50862 
2020-03-01,8562.45405 
2020-03-02,8869.670311 
2020-03-03,8787.786456 
2020-03-04,8755.245895 
2020-03-05,9078.762792 
2020-03-06,9122.545573 
2020-03-07,8909.953652 
2020-03-08,8108.116291 
2020-03-09,7923.644703 
2020-03-10,7909.729393 
2020-03-11,7911.430129 
2020-03-12,4970.787901 
2020-03-13,5563.706892 
2020-03-14,5200.366264 
2020-03-15,5392.31488 
2020-03-16,5014.479977 
2020-03-17,5225.629193 
2020-03-18,5238.438577 
2020-03-19,6191.192952 
2020-03-20,6198.778205 
2020-03-21,6185.066515 
2020-03-22,5830.254798 
2020-03-23,6416.314758 
2020-03-24,6734.80378 
2020-03-25,6681.063127 
2020-03-26,6716.440549 
2020-03-27,6469.798135 
2020-03-28,6242.193868 
2020-03-29,5922.043123 
2020-03-30,6429.841934 
2020-03-31,6438.644766 
2020-04-01,6606.776268 
2020-04-02,6793.624596 
2020-04-03,6733.387391 
2020-04-04,6867.527316 
2020-04-05,6791.129441 
2020-04-06,7271.781153 
2020-04-07,7176.4145 
2020-04-08,7334.098453 
2020-04-09,7302.089511 
2020-04-10,6865.493372 
2020-04-11,6859.082963 
2020-04-12,6971.091591 
2020-04-13,6845.037697 
2020-04-14,6842.427861 
2020-04-15,6642.109893 
2020-04-16,7116.804218 
2020-04-17,7096.184659 
2020-04-18,7257.664858 
2020-04-19,7189.424824 
2020-04-20,6881.958693 
2020-04-21,6880.323474 
2020-04-22,7117.207479 
2020-04-23,7429.724649 
2020-04-24,7550.901027 
2020-04-25,7569.936034 
2020-04-26,7679.867204 
2020-04-27,7795.600835 
2020-04-28,7807.058451 
2020-04-29,8801.037767 
2020-04-30,8658.55418 
2020-05-01,8864.766808 
2020-05-02,8988.596207 
2020-05-03,8897.46851 
2020-05-04,8912.654605 
2020-05-05,9003.070178 
2020-05-06,9268.762081 
2020-05-07,9951.518745 
2020-05-08,9842.666368 
2020-05-09,9593.896734 
2020-05-10,8756.431142 
2020-05-11,8601.796202 
2020-05-12,8804.477811 
2020-05-13,9269.987706 
2020-05-14,9733.721471 
2020-05-15,9328.197226 
2020-05-16,9377.014026 
2020-05-17,9670.739371 
2020-05-18,9726.574815 
2020-05-19,9729.037919 
2020-05-20,9522.981157 
2020-05-21,9081.762023 
2020-05-22,9182.577518 
2020-05-23,9209.287428 
2020-05-24,8790.368001 
2020-05-25,8906.934761 
2020-05-26,8835.053061 
2020-05-27,9181.017948 
2020-05-28,9525.751095 
2020-05-29,9439.12439 
2020-05-30,9700.414072 
2020-05-31,9461.058918 
2020-06-01,10167.2681 
2020-06-02,9529.804149 
2020-06-03,9656.717765 
2020-06-04,9800.636595 
2020-06-05,9665.532789 
2020-06-06,9653.679263 
2020-06-07,9758.852417 
2020-06-08,9771.489484 
2020-06-09,9795.700195 
2020-06-10,9870.094453 
2020-06-11,9321.781298 
2020-06-12,9480.843789 
2020-06-13,9475.277338 
2020-06-14,9386.787892 
2020-06-15,9450.701987 
2020-06-16,9538.024374 
2020-06-17,9480.255366 
2020-06-18,9411.840462 
2020-06-19,9288.018716 
2020-06-20,9332.340762 
2020-06-21,9303.629714 
2020-06-22,9648.71761 
2020-06-23,9629.658366 
2020-06-24,9313.610349 
2020-06-25,9264.813043 
2020-06-26,9162.917604 
2020-06-27,9045.390957 
2020-06-28,9143.582191 
2020-06-29,9190.854465 
2020-06-30,9137.9934 
2020-07-01,9228.32559 
2020-07-02,9123.410154 
2020-07-03,9087.303911 
2020-07-04,9132.487951 
2020-07-05,9073.942869 
2020-07-06,9375.474759 
2020-07-07,9252.277504 
2020-07-08,9428.333085 
2020-07-09,9277.967906 
2020-07-10,9278.807867 
2020-07-11,9240.346327 
2020-07-12,9276.49985 
2020-07-13,9243.613855 
2020-07-14,9243.213416 
2020-07-15,9192.837368 
2020-07-16,9132.227863 
2020-07-17,9151.39224 
2020-07-18,9159.039905 
2020-07-19,9185.816912 
2020-07-20,9164.231365 
2020-07-21,9374.887528 
2020-07-22,9525.36345 
2020-07-23,9581.072011 
2020-07-24,9536.892686 
2020-07-25,9677.113497 
2020-07-26,9905.167247 
2020-07-27,10990.8734 
2020-07-28,10912.82305 
2020-07-29,11100.46813 
2020-07-30,11111.21429 
2020-07-31,11323.46642 
2020-08-01,11759.59277 
2020-08-02,11053.6139 
2020-08-03,11246.34877 
2020-08-04,11205.89292 
2020-08-05,11747.02283 
2020-08-06,11779.77326 
2020-08-07,11601.47271 
2020-08-08,11754.04581 
2020-08-09,11675.73934 
2020-08-10,11878.11133 
2020-08-11,11410.52568 
2020-08-12,11584.93458 
2020-08-13,11784.13739 
2020-08-14,11768.87062 
2020-08-15,11865.69857 
2020-08-16,11892.80406 
2020-08-17,12254.40191 
2020-08-18,11991.23325 
2020-08-19,11758.28359 
2020-08-20,11878.37162 
2020-08-21,11592.48904 
2020-08-22,11681.82556 
2020-08-23,11664.84799 
2020-08-24,11774.59584 
2020-08-25,11366.13508 
2020-08-26,11488.36349 
2020-08-27,11323.39703 
2020-08-28,11542.49973 
2020-08-29,11506.86532 
2020-08-30,11711.50616 
2020-08-31,11680.82049 
2020-09-01,11970.47874 
2020-09-02,11414.03373 
2020-09-03,10245.29669 
2020-09-04,10511.81388 
2020-09-05,10169.56722 
2020-09-06,10280.3517 
2020-09-07,10369.56374 
2020-09-08,10131.51665 
2020-09-09,10242.34778 
2020-09-10,10363.13904 
2020-09-11,10400.91469 
2020-09-12,10442.1706 
2020-09-13,10323.7558 
2020-09-14,10680.83743 
2020-09-15,10796.95099 
2020-09-16,10974.90489 
2020-09-17,10948.98992 
2020-09-18,10944.5858 
2020-09-19,11094.34628 
2020-09-20,10938.27129 
2020-09-21,10462.25962 
2020-09-22,10538.46032 
2020-09-23,10246.18649 
2020-09-24,10760.06626 
2020-09-25,10692.71721 
2020-09-26,10750.72358 
2020-09-27,10775.26938 
2020-09-28,10709.65218 
2020-09-29,10844.64098 
2020-09-30,10784.49158 
2020-10-01,10619.45191 
2020-10-02,10575.97504 
2020-10-03,10549.3289 
2020-10-04,10669.58254 
2020-10-05,10793.33943 
2020-10-06,10604.40589 
2020-10-07,10668.96896 
2020-10-08,10915.68573 
2020-10-09,11064.45759 
2020-10-10,11296.36143 
2020-10-11,11384.18195 
2020-10-12,11555.36289 
2020-10-13,11425.8994 
2020-10-14,11429.50689 
2020-10-15,11495.34965 
2020-10-16,11322.12269 
2020-10-17,11358.10157 
2020-10-18,11483.35971 
2020-10-19,11742.03715 
2020-10-20,11916.33514 
2020-10-21,12823.68919 
2020-10-22,12965.89129 
2020-10-23,12931.53902 
2020-10-24,13108.06261 
2020-10-25,13031.17431 
2020-10-26,13075.2477 
2020-10-27,13654.21844 
2020-10-28,13271.28537 
2020-10-29,13437.88324 
2020-10-30,13546.52227 
2020-10-31,13780.9947 
2020-11-01,13737.10983 
2020-11-02,13550.48938 
2020-11-03,13950.30085 
2020-11-04,14133.70715 
2020-11-05,15579.84846 
2020-11-06,15565.88058 
2020-11-07,14833.75411 
2020-11-08,15479.56704 
2020-11-09,15332.3156 
2020-11-10,15290.90268 
2020-11-11,15701.33973 
2020-11-12,16276.34395 
2020-11-13,16317.80819 
2020-11-14,16068.13871 
2020-11-15,15955.58744 
2020-11-16,16716.11132 
2020-11-17,17645.40577 
2020-11-18,17804.00563 
2020-11-19,17817.09025 
2020-11-20,18621.31437 
2020-11-21,18642.23277 
2020-11-22,18370.00252 
2020-11-23,18364.12159 
2020-11-24,19107.46445 
2020-11-25,18732.12078 
2020-11-26,17150.62358 
2020-11-27,17108.40173 
2020-11-28,17717.41501 
2020-11-29,18177.48342 
2020-11-30,19625.83503 
2020-12-01,18802.9983 
2020-12-02,19201.09116 
2020-12-03,19445.39848 
2020-12-04,18699.76561 
2020-12-05,19154.23113 
2020-12-06,19345.12096 
2020-12-07,19191.63129 
2020-12-08,18321.14492 
2020-12-09,18553.91538 
2020-12-10,18264.99211 
2020-12-11,18058.90335 
2020-12-12,18803.65687 
2020-12-13,19142.38253 
2020-12-14,19246.64434 
2020-12-15,19417.07603 
2020-12-16,21310.59813 
2020-12-17,22805.16149 
2020-12-18,23137.96056 
2020-12-19,23869.83196 
2020-12-20,23477.2952 
2020-12-21,22803.08141 
2020-12-22,23783.0285 
2020-12-23,23241.34487 
2020-12-24,23735.94973 
2020-12-25,24664.79027 
2020-12-26,26437.03751 
2020-12-27,26272.29457 
2020-12-28,27084.80789 
2020-12-29,27362.43656 
2020-12-30,28840.95342 
2020-12-31,29001.71982 
2021-01-01,29374.15189 
2021-01-02,32127.26794 
2021-01-03,32782.02447 
2021-01-04,31971.91352 
2021-01-05,33992.42934 
2021-01-06,36824.36441 
2021-01-07,39371.04235 
2021-01-08,40797.61072 
2021-01-09,40254.5465 
2021-01-10,38356.43951 
2021-01-11,35566.65594 
2021-01-12,33922.96058 
2021-01-13,37316.3594 
2021-01-14,39187.32812 
2021-01-15,36825.36585 
2021-01-16,36178.1389 
2021-01-17,35791.27792 
2021-01-18,36630.07568 
2021-01-19,36069.80639 
2021-01-20,35547.75089 
2021-01-21,30825.69851 
2021-01-22,33005.76356 
2021-01-23,32067.64288 
2021-01-24,32289.37809 
2021-01-25,32366.39305 
2021-01-26,32569.84956 
2021-01-27,30432.54708 
2021-01-28,33466.09636 
2021-01-29,34316.38765 
2021-01-30,34269.52154 
2021-01-31,33114.35775 
2021-02-01,33537.17682 
2021-02-02,35510.28904 
2021-02-03,37472.0901 
2021-02-04,36926.06447 
2021-02-05,38144.30686 
2021-02-06,39266.01073 
2021-02-07,38903.44148 
2021-02-08,46196.46372 
2021-02-09,46481.10424 
2021-02-10,44918.18449 
2021-02-11,47909.33119 
2021-02-12,47504.85118 
2021-02-13,47105.51747 
2021-02-14,48717.29021 
2021-02-15,47945.05683 
2021-02-16,49199.87134 
2021-02-17,52149.00754 
2021-02-18,51679.79669 
2021-02-19,55888.13368 
2021-02-20,56099.52051 
2021-02-21,57539.94367 
2021-02-22,54207.31907 
2021-02-23,48824.42687 
2021-02-24,49705.33332 
2021-02-25,47093.85302 
2021-02-26,46339.76008 
2021-02-27,46188.45128 
2021-02-28,45137.77047 
2021-03-01,49631.24137 
2021-03-02,48378.98805 
2021-03-03,50538.24341 
2021-03-04,48561.16615 
2021-03-05,48927.30455 
2021-03-06,48912.38173 
2021-03-07,51206.69295 
2021-03-08,52246.52231 
2021-03-09,54824.11781 
2021-03-10,56008.5494 
2021-03-11,57805.12302 
2021-03-12,57332.08896 
2021-03-13,61243.08477 
2021-03-14,59302.31698 
2021-03-15,55907.20023 
2021-03-16,56804.90123 
2021-03-17,58870.89333 
2021-03-18,57858.92071 
2021-03-19,58346.65297 
2021-03-20,58313.64261 
2021-03-21,57523.42099 
2021-03-22,54529.14561 
2021-03-23,54738.94493 
2021-03-24,52774.26369 
2021-03-25,51704.16193 
2021-03-26,55137.31373 
2021-03-27,55973.51084 
2021-03-28,55950.74577 
2021-03-29,57750.19987 
2021-03-30,58917.69305 
2021-03-31,58918.83271 
2021-04-01,59095.80798 
2021-04-02,59384.31336 
2021-04-03,57603.88917 
2021-04-04,58758.55629 
2021-04-05,59057.87897 
2021-04-06,58192.35868 
2021-04-07,56048.93781 
2021-04-08,58323.95358 
2021-04-09,58245.003 
2021-04-10,59793.23541 
2021-04-11,60204.96491 
2021-04-12,59893.45189 
2021-04-13,63503.45793 
2021-04-14,63109.69593 
2021-04-15,63314.01085 
2021-04-16,61572.7896 
2021-04-17,60683.82123 
2021-04-18,56216.185 
2021-04-19,55724.2671 
2021-04-20,56473.03228 
2021-04-21,53906.08805 
2021-04-22,51762.27205 
2021-04-23,51093.65071 
2021-04-24,50050.86822 
2021-04-25,49004.25326 
2021-04-26,54021.75479 
2021-04-27,55033.11801 
2021-04-28,54824.7049 
2021-04-29,53555.10849 
2021-04-30,57750.17735 
2021-05-01,57828.05063 
2021-05-02,56631.07741 
2021-05-03,57200.29122 
2021-05-04,53333.53775 
2021-05-05,57424.00595 
2021-05-06,56396.51416 
2021-05-07,57356.40188 
2021-05-08,58803.77581 
2021-05-09,58232.31614 
2021-05-10,55859.79754 
2021-05-11,56704.57306 
2021-05-12,49150.53388 
2021-05-13,49716.1916 
2021-05-14,49880.53342 
2021-05-15,46760.18656 
2021-05-16,46456.05847 
2021-05-17,43537.51139 
2021-05-18,42909.40093 
2021-05-19,37002.44047 
2021-05-20,40782.73826 
2021-05-21,37304.69067 
2021-05-22,37536.63111 
2021-05-23,34770.58362 
2021-05-24,38705.97864 
2021-05-25,38402.22385 
2021-05-26,39294.19738 
2021-05-27,38436.96854 
2021-05-28,35697.60639 
2021-05-29,34616.068 
2021-05-30,35678.1292 
2021-05-31,37332.85369 
2021-06-01,36684.92452 
2021-06-02,37575.17958 
2021-06-03,39208.76599 
2021-06-04,36894.40533 
2021-06-05,35551.95873 
2021-06-06,35862.37773 
2021-06-07,33560.70784 
2021-06-08,33472.63175 
2021-06-09,37345.12149 
2021-06-10,36702.59937 
2021-06-11,37334.39953 
2021-06-12,35552.51715 
2021-06-13,39097.8609 
2021-06-14,40218.47786 
2021-06-15,40406.26899 
2021-06-16,38347.06323 
2021-06-17,38053.50417 
2021-06-18,35787.24478 
2021-06-19,35615.86927 
2021-06-20,35698.29644 
2021-06-21,31676.69373 
2021-06-22,32505.65982 
2021-06-23,33723.02898 
2021-06-24,34662.43589 
2021-06-25,31637.78006 
2021-06-26,32186.27767 
2021-06-27,34649.64459 
2021-06-28,34434.33531 
2021-06-29,35867.77774 
2021-06-30,35040.83725 
2021-07-01,33572.11765 
2021-07-02,33897.04859 
2021-07-03,34668.5484 
2021-07-04,35287.77977 
2021-07-05,33746.00246 
2021-07-06,34235.19345 